{"cameraMode":{"drawMode":0,"name":"Shaded","section":"Shading Mode"},"sceneLighting":true,"audioPlay":false,"sceneViewState":{"showFog":true,"showMaterialUpdate":false,"showSkybox":true,"showFlares":true,"showImageEffects":true,"showParticleSystems":true},"in2DMode":false,"pivot":{"x":-1.5418701171875,"y":1.5757055282592774,"z":-4.662680625915527},"rotation":{"x":-0.08451840281486511,"y":0.8969377875328064,"z":-0.19569016993045808,"w":-0.38738638162612917},"size":11.11349868774414,"orthographic":false}